,timestamp,power_kw,airflow_m3s,water_pressure_kpa,water_flow_lps,temperature_c,vibration_level,sound_event,system_status,sensor_source
0,2026-07-01 00:00:00,49.391,4.674,361.114,2.31,19.389,0.13,normal,stable,original
1,2026-07-01 01:00:00,47.613,4.452,372.913,2.239,18.724,0.146,normal,stable,original
2,2026-07-01 02:00:00,49.814,4.727,333.217,2.109,18.591,0.126,normal,stable,original
3,2026-07-01 03:00:00,52.264,5.033,356.756,2.003,18.998,0.141,normal,stable,original
4,2026-07-01 04:00:00,47.344,4.418,342.192,2.205,18.915,0.093,normal,stable,original
5,2026-07-01 05:00:00,47.344,4.418,344.154,2.159,18.773,0.156,normal,stable,original
6,2026-07-01 06:00:00,52.422,5.053,342.891,2.234,19.348,0.15,normal,stable,original
7,2026-07-01 07:00:00,50.149,4.769,339.632,2.195,19.478,0.125,normal,stable,original
8,2026-07-01 08:00:00,46.685,4.336,350.582,2.257,19.044,0.17,normal,stable,original
9,2026-07-01 09:00:00,49.519,4.69,340.029,2.02,19.739,0.178,normal,stable,original
10,2026-07-01 10:00:00,46.702,4.338,353.245,2.298,18.429,0.102,normal,stable,original
11,2026-07-01 11:00:00,46.696,4.337,349.397,2.13,18.903,0.127,normal,stable,original
12,2026-07-01 12:00:00,48.677,4.585,347.133,2.411,18.642,0.127,normal,stable,original
13,2026-07-01 13:00:00,42.643,3.83,339.109,1.997,18.067,0.122,normal,stable,original
14,2026-07-01 14:00:00,43.17,3.896,343.079,2.36,18.959,0.175,normal,stable,original
15,2026-07-01 15:00:00,46.426,4.303,359.065,2.13,18.939,0.144,normal,stable,original
16,2026-07-01 16:00:00,45.164,4.146,356.011,2.002,19.757,0.142,normal,stable,original
17,2026-07-01 17:00:00,48.88,4.61,338.269,2.027,19.315,0.09,normal,stable,original
18,2026-07-01 18:00:00,45.458,4.182,351.192,2.052,18.488,0.169,normal,stable,original
19,2026-07-01 19:00:00,44.046,4.006,359.017,2.164,19.927,0.113,normal,stable,original
20,2026-07-01 20:00:00,52.104,5.013,329.967,2.178,19.611,0.152,normal,stable,original
21,2026-07-01 21:00:00,47.368,4.421,356.52,2.014,19.291,0.158,normal,stable,original
22,2026-07-01 22:00:00,48.189,4.524,342.049,2.096,18.887,0.191,normal,stable,original
23,2026-07-01 23:00:00,44.011,4.001,356.847,2.421,18.52,0.111,normal,stable,original
24,2026-07-02 00:00:00,46.476,4.309,340.841,2.359,18.814,0.059,normal,stable,original
25,2026-07-02 01:00:00,48.311,,328.341,2.165,19.544,0.156,normal,stable,original
26,2026-07-02 02:00:00,44.777,4.097,330.469,2.106,19.942,0.204,normal,stable,original
27,2026-07-02 03:00:00,49.052,4.631,350.577,2.118,19.772,0.187,normal,stable,original
28,2026-07-02 04:00:00,46.318,4.29,353.117,2.192,18.756,0.156,normal,stable,original
29,2026-07-02 05:00:00,47.183,4.398,339.148,1.947,18.44,0.135,normal,stable,original
30,2026-07-02 06:00:00,46.315,4.289,357.663,2.061,19.07,0.174,normal,stable,original
31,2026-07-02 07:00:00,53.186,5.148,330.062,1.85,18.116,0.121,normal,stable,original
32,2026-07-02 08:00:00,47.962,4.495,349.207,2.16,19.162,0.164,normal,stable,original
33,2026-07-02 09:00:00,45.038,4.13,335.468,2.197,18.926,0.165,normal,stable,original
34,2026-07-02 10:00:00,50.303,4.788,342.178,2.028,18.767,0.182,normal,stable,original
35,2026-07-02 11:00:00,44.582,4.073,350.569,2.336,18.203,0.233,normal,stable,original
36,2026-07-02 12:00:00,48.585,4.573,339.675,1.916,19.257,0.162,normal,stable,original
37,2026-07-02 13:00:00,42.513,3.814,345.385,1.88,18.734,0.135,normal,stable,original
38,2026-07-02 14:00:00,44.281,4.035,362.076,2.134,18.415,0.149,normal,stable,original
39,2026-07-02 15:00:00,48.551,4.569,343.077,2.257,17.564,0.097,normal,stable,original
40,2026-07-02 16:00:00,50.068,4.758,360.028,2.353,18.986,0.129,normal,stable,original
41,2026-07-02 17:00:00,48.48,4.56,336.444,2.031,19.886,0.138,normal,stable,original
42,2026-07-02 18:00:00,47.676,4.46,356.358,2.262,19.831,0.134,normal,stable,original
43,2026-07-02 19:00:00,47.157,4.395,367.299,2.094,18.771,0.155,normal,stable,original
44,2026-07-02 20:00:00,43.86,3.983,320.34,2.074,18.699,0.125,normal,stable,original
45,2026-07-02 21:00:00,45.984,4.248,340.437,2.233,19.234,0.184,normal,stable,original
46,2026-07-02 22:00:00,46.71,4.339,356.925,2.198,18.501,0.15,normal,stable,original
47,2026-07-02 23:00:00,50.96,4.87,347.563,1.864,19.151,0.15,normal,stable,original
48,2026-07-03 00:00:00,48.962,4.62,354.454,2.321,19.383,0.14,normal,stable,original
49,2026-07-03 01:00:00,43.063,3.883,342.752,2.307,19.613,0.155,normal,stable,original
50,2026-07-03 02:00:00,48.907,4.613,351.039,2.006,18.95,0.175,normal,stable,original
51,2026-07-03 03:00:00,46.922,4.365,348.132,2.159,18.898,0.124,normal,stable,original
52,2026-07-03 04:00:00,46.105,4.263,364.013,2.174,18.561,0.13,normal,stable,original
53,2026-07-03 05:00:00,49.713,4.714,353.053,2.139,18.587,0.141,normal,stable,original
54,2026-07-03 06:00:00,50.887,4.861,354.051,2.017,18.887,0.11,normal,stable,original
55,2026-07-03 07:00:00,50.608,4.826,,1.999,19.184,0.125,normal,stable,original
56,2026-07-03 08:00:00,45.65,4.206,344.149,2.096,19.457,0.136,normal,stable,original
57,2026-07-03 09:00:00,47.134,4.392,344.809,2.276,18.598,0.176,normal,stable,original
58,2026-07-03 10:00:00,48.928,4.616,354.733,2.182,19.746,0.158,normal,stable,original
59,2026-07-03 11:00:00,50.732,4.841,344.948,2.044,18.864,0.156,normal,stable,original
60,2026-07-03 12:00:00,46.658,4.332,353.477,2.216,18.989,0.176,normal,stable,original
61,2026-07-03 13:00:00,47.48,4.435,374.905,1.673,18.626,0.146,normal,stable,original
62,2026-07-03 14:00:00,44.902,4.113,360.453,2.272,17.788,0.162,normal,stable,original
63,2026-07-03 15:00:00,44.651,4.081,346.088,1.839,19.442,0.147,normal,stable,original
64,2026-07-03 16:00:00,50.275,4.784,364.415,2.046,19.368,0.158,normal,stable,original
65,2026-07-03 17:00:00,51.797,4.975,345.103,1.932,18.859,0.133,normal,stable,original
66,2026-07-03 18:00:00,47.798,4.475,325.543,1.906,19.033,0.077,normal,stable,original
67,2026-07-03 19:00:00,50.81,4.851,337.903,2.274,19.258,0.146,normal,stable,original
68,2026-07-03 20:00:00,49.013,4.627,327.55,2.03,18.219,0.193,normal,stable,original
69,2026-07-03 21:00:00,46.194,4.274,345.782,2.152,18.735,0.178,normal,stable,original
70,2026-07-03 22:00:00,49.012,4.626,350.221,2.093,19.397,0.179,normal,stable,original
71,2026-07-03 23:00:00,52.307,5.038,370.117,2.172,18.373,0.187,normal,stable,original
72,2026-07-04 00:00:00,47.9,4.487,353.923,2.112,19.147,0.153,normal,stable,original
73,2026-07-04 01:00:00,52.381,5.048,347.371,1.908,18.322,0.156,normal,stable,original
74,2026-07-04 02:00:00,40.665,3.583,359.953,2.249,19.233,0.131,normal,stable,original
75,2026-07-04 03:00:00,50.301,4.788,323.466,2.026,18.982,0.141,normal,stable,original
76,2026-07-04 04:00:00,48.244,4.53,352.827,1.867,18.192,0.168,normal,stable,original
77,2026-07-04 05:00:00,47.163,4.395,359.25,2.036,19.582,0.186,normal,stable,original
78,2026-07-04 06:00:00,48.257,4.532,332.257,2.325,18.633,0.146,normal,stable,original
79,2026-07-04 07:00:00,42.435,3.804,363.725,2.228,18.595,0.136,normal,stable,original
80,2026-07-04 08:00:00,47.385,4.423,354.062,2.048,19.1,0.15,normal,stable,original
81,2026-07-04 09:00:00,49.0,4.625,345.017,2.048,19.574,0.168,normal,stable,original
82,2026-07-04 10:00:00,52.138,5.017,357.593,2.052,18.492,0.107,normal,stable,original
83,2026-07-04 11:00:00,46.549,4.319,377.248,2.412,19.031,0.081,normal,stable,original
84,2026-07-04 12:00:00,45.736,4.217,352.182,2.157,19.214,0.133,normal,stable,original
85,2026-07-04 13:00:00,46.595,4.324,352.979,2.165,19.347,,normal,stable,original
86,2026-07-04 14:00:00,50.563,4.82,344.488,2.255,19.088,0.135,normal,stable,original
87,2026-07-04 15:00:00,48.921,4.615,339.802,2.136,18.816,0.146,normal,stable,original
88,2026-07-04 16:00:00,46.517,4.315,359.964,2.061,18.586,0.136,normal,stable,original
89,2026-07-04 17:00:00,49.437,4.68,339.727,2.071,19.043,0.194,normal,stable,original
90,2026-07-04 18:00:00,48.272,4.534,350.859,2.089,18.464,0.16,normal,stable,original
91,2026-07-04 19:00:00,50.712,4.839,344.268,2.094,17.539,0.159,normal,stable,original
92,2026-07-04 20:00:00,46.034,4.254,355.748,2.209,19.218,0.169,normal,stable,original
93,2026-07-04 21:00:00,47.083,4.385,354.004,2.108,19.452,0.116,normal,stable,original
94,2026-07-04 22:00:00,46.902,4.363,362.45,2.21,17.819,0.181,normal,stable,original
95,2026-07-04 23:00:00,43.902,3.988,343.88,2.088,18.495,0.148,normal,stable,original
96,2026-07-05 00:00:00,48.829,4.604,352.853,2.148,19.31,0.14,hum,warning,original
97,2026-07-05 01:00:00,48.731,4.591,337.355,1.992,20.029,0.154,hum,warning,original
98,2026-07-05 02:00:00,48.014,4.502,345.579,2.054,19.01,0.168,hum,warning,original
99,2026-07-05 03:00:00,47.343,4.418,314.638,1.962,18.636,0.254,hum,warning,original
100,2026-07-05 04:00:00,44.037,4.005,314.411,1.871,18.909,0.263,hum,warning,original
101,2026-07-05 05:00:00,46.822,4.353,303.723,1.833,19.687,0.229,hum,warning,original
102,2026-07-05 06:00:00,47.04,4.38,291.351,1.732,18.677,0.33,hum,warning,original
103,2026-07-05 07:00:00,45.754,4.219,297.843,1.739,18.6,0.345,hum,warning,original
104,2026-07-05 08:00:00,47.548,4.444,277.942,1.691,18.759,0.396,hum,warning,original
105,2026-07-05 09:00:00,49.131,4.641,266.784,1.715,18.523,0.379,hum,warning,original
106,2026-07-05 10:00:00,53.281,5.16,256.535,1.512,19.061,0.458,hum,warning,original
107,2026-07-05 11:00:00,48.489,4.561,239.99,1.483,19.812,0.462,hum,warning,original
108,2026-07-05 12:00:00,48.721,4.59,239.879,1.496,19.162,0.463,rattle,critical,original
109,2026-07-05 13:00:00,47.792,4.474,225.691,1.36,18.874,0.491,rattle,critical,original
110,2026-07-05 14:00:00,42.627,3.828,214.748,1.326,18.854,0.631,rattle,critical,original
111,2026-07-05 15:00:00,47.926,4.491,208.415,1.219,18.218,0.571,rattle,critical,original
112,2026-07-05 16:00:00,48.169,4.521,201.774,1.338,19.442,0.569,rattle,critical,original
113,2026-07-05 17:00:00,54.897,5.362,177.684,1.273,18.961,0.658,rattle,critical,original
114,2026-07-05 18:00:00,47.461,4.433,173.159,1.152,18.91,0.596,rattle,critical,original
115,2026-07-05 19:00:00,48.844,4.606,167.934,1.087,20.597,0.732,rattle,critical,original
116,2026-07-05 20:00:00,47.903,4.488,153.264,1.021,19.149,0.706,rattle,critical,original
117,2026-07-05 21:00:00,44.728,4.091,150.027,0.918,18.624,0.75,rattle,critical,original
118,2026-07-05 22:00:00,51.2,4.9,134.188,0.941,18.787,0.817,rattle,critical,original
119,2026-07-05 23:00:00,50.105,4.763,128.41,0.856,19.574,0.777,rattle,critical,original
120,2026-07-06 00:00:00,34.215,2.777,67.603,0.148,15.057,1.131,rattle,failed,original
121,2026-07-06 01:00:00,29.454,2.182,61.104,0.194,14.281,1.05,rattle,failed,original
122,2026-07-06 02:00:00,35.928,2.991,72.245,0.203,15.46,1.019,rattle,failed,original
123,2026-07-06 03:00:00,28.075,2.009,73.113,0.148,14.666,1.061,rattle,failed,original
124,2026-07-06 04:00:00,33.643,2.705,78.772,0.131,15.937,0.934,rattle,failed,original
125,2026-07-06 05:00:00,38.133,3.267,68.376,0.126,15.54,0.997,rattle,failed,original
126,2026-07-06 06:00:00,29.226,2.153,79.9,0.136,14.776,0.998,rattle,failed,original
127,2026-07-06 07:00:00,30.414,2.302,70.464,0.175,15.641,0.888,rattle,failed,original
128,2026-07-06 08:00:00,32.279,2.535,65.146,0.156,15.034,1.06,rattle,failed,original
129,2026-07-06 09:00:00,30.59,2.324,66.065,0.094,15.426,1.031,rattle,failed,original
130,2026-07-06 10:00:00,27.658,1.957,64.917,0.114,15.242,0.969,rattle,failed,original
131,2026-07-06 11:00:00,32.192,2.524,68.524,0.132,14.577,0.89,rattle,failed,original
132,2026-07-06 12:00:00,45.026,4.128,348.104,2.342,18.678,0.17,normal,stable,original
133,2026-07-06 13:00:00,49.326,4.666,344.877,2.168,19.515,0.168,normal,stable,original
134,2026-07-06 14:00:00,45.426,4.178,337.855,2.063,18.833,0.139,normal,stable,original
135,2026-07-06 15:00:00,52.34,5.042,330.142,2.245,18.798,0.133,normal,stable,original
136,2026-07-06 16:00:00,45.807,4.226,359.878,2.278,18.522,0.153,normal,stable,original
137,2026-07-06 17:00:00,47.098,4.387,350.88,1.916,19.212,0.196,normal,stable,original
138,2026-07-06 18:00:00,50.278,4.785,334.52,2.19,20.031,0.113,normal,stable,original
139,2026-07-06 19:00:00,44.554,4.069,334.459,2.205,18.466,0.106,normal,stable,original
140,2026-07-06 20:00:00,48.637,4.58,345.971,2.055,19.012,0.155,normal,stable,original
141,2026-07-06 21:00:00,51.66,4.957,370.028,2.306,19.706,0.152,normal,stable,original
142,2026-07-06 22:00:00,43.499,3.937,346.885,2.077,18.96,0.155,normal,stable,original
143,2026-07-06 23:00:00,48.517,4.565,331.962,2.119,19.226,0.157,normal,stable,original
144,2026-07-07 00:00:00,48.728,4.591,347.051,2.074,18.469,0.143,normal,stable,original
145,2026-07-07 01:00:00,50.189,4.774,346.727,,19.214,0.195,normal,stable,original
146,2026-07-07 02:00:00,44.537,4.067,317.637,1.936,18.906,0.102,normal,stable,original
147,2026-07-07 03:00:00,44.303,4.038,349.348,1.884,19.493,0.125,normal,stable,original
148,2026-07-07 04:00:00,49.461,4.683,347.229,2.339,19.594,0.147,normal,stable,original
149,2026-07-07 05:00:00,48.832,4.604,358.354,1.973,20.295,0.101,normal,stable,original
150,2026-07-07 06:00:00,48.701,4.588,372.187,1.951,19.29,0.145,normal,stable,original
151,2026-07-07 07:00:00,48.97,4.621,363.519,1.777,19.163,0.2,normal,stable,original
152,2026-07-07 08:00:00,46.096,4.262,346.773,2.004,19.097,0.151,normal,stable,original
153,2026-07-07 09:00:00,48.65,4.581,336.722,1.902,18.823,0.157,normal,stable,original
154,2026-07-07 10:00:00,48.821,4.603,380.88,2.346,19.169,0.112,normal,stable,original
155,2026-07-07 11:00:00,46.0,4.25,350.711,2.251,18.852,0.132,normal,stable,original
156,2026-07-07 12:00:00,53.224,5.153,350.167,1.997,19.084,0.139,normal,stable,original
157,2026-07-07 13:00:00,49.327,4.666,349.71,2.438,19.659,0.14,normal,stable,original
158,2026-07-07 14:00:00,44.664,4.083,352.377,2.247,18.497,0.188,normal,stable,original
159,2026-07-07 15:00:00,49.838,4.73,348.268,2.051,19.57,0.167,normal,stable,original
160,2026-07-07 16:00:00,45.271,4.159,343.116,1.725,19.659,0.117,normal,stable,original
161,2026-07-07 17:00:00,50.204,4.775,343.438,2.444,18.941,0.157,normal,stable,original
162,2026-07-07 18:00:00,51.244,4.906,349.607,1.892,17.939,0.165,normal,stable,original
163,2026-07-07 19:00:00,45.702,4.213,343.479,1.853,18.696,0.184,normal,stable,original
164,2026-07-07 20:00:00,50.697,4.837,341.446,2.253,19.648,0.197,normal,stable,original
165,2026-07-07 21:00:00,49.156,4.644,351.277,2.466,18.989,0.12,normal,stable,original
166,2026-07-07 22:00:00,50.302,4.788,346.94,2.308,18.5,0.126,normal,stable,original
167,2026-07-07 23:00:00,53.311,5.164,368.048,2.185,18.748,0.112,normal,stable,original
168,2026-07-08 00:00:00,47.313,4.414,318.188,2.189,19.42,0.143,normal,stable,original
169,2026-07-08 01:00:00,45.89,4.236,363.098,2.228,19.273,0.164,normal,stable,original
170,2026-07-08 02:00:00,45.509,4.189,364.953,2.214,18.881,0.18,normal,stable,original
171,2026-07-08 03:00:00,45.716,4.214,325.119,2.142,18.817,0.148,normal,stable,original
172,2026-07-08 04:00:00,47.784,4.473,345.888,2.116,18.804,0.14,normal,stable,original
173,2026-07-08 05:00:00,48.955,4.619,345.543,2.091,18.539,0.155,normal,stable,original
174,2026-07-08 06:00:00,48.775,4.597,333.11,1.987,19.808,0.125,normal,stable,original
175,2026-07-08 07:00:00,50.316,4.79,340.666,2.058,18.839,0.213,normal,stable,original
176,2026-07-08 08:00:00,48.036,4.505,336.673,1.846,19.609,0.102,normal,stable,original
177,2026-07-08 09:00:00,52.07,5.009,371.027,2.085,19.761,0.156,normal,stable,original
178,2026-07-08 10:00:00,47.259,4.407,361.228,1.952,19.499,0.211,normal,stable,original
179,2026-07-08 11:00:00,55.616,5.452,365.259,1.934,18.784,0.15,normal,stable,original
180,2026-07-08 12:00:00,49.752,4.719,358.66,2.127,19.202,0.144,normal,stable,original
181,2026-07-08 13:00:00,45.6,4.2,336.451,2.309,18.988,0.139,normal,stable,original
182,2026-07-08 14:00:00,45.002,4.125,343.706,2.238,18.548,0.145,normal,stable,original
183,2026-07-08 15:00:00,49.351,4.669,355.872,1.864,19.162,0.191,normal,stable,original
184,2026-07-08 16:00:00,47.374,4.422,335.334,1.952,18.41,0.084,normal,stable,original
185,2026-07-08 17:00:00,49.999,4.75,358.556,2.241,19.594,0.196,normal,stable,original
186,2026-07-08 18:00:00,49.325,4.666,347.116,1.953,18.768,0.107,normal,stable,original
187,2026-07-08 19:00:00,47.796,4.475,345.502,2.066,19.101,0.142,normal,stable,original
188,2026-07-08 20:00:00,45.629,4.204,358.532,2.183,19.142,0.137,normal,stable,original
189,2026-07-08 21:00:00,43.758,3.97,355.331,1.955,18.871,0.168,normal,stable,original
190,2026-07-08 22:00:00,46.75,4.344,345.668,2.116,19.293,0.102,normal,stable,original
191,2026-07-08 23:00:00,50.398,4.8,363.912,1.9,18.763,0.164,normal,stable,original
192,2026-07-09 00:00:00,48.599,4.575,337.027,2.01,19.436,0.211,normal,stable,original
193,2026-07-09 01:00:00,44.512,4.064,357.391,2.148,18.327,0.109,normal,stable,original
194,2026-07-09 02:00:00,48.485,4.561,357.117,1.861,19.063,0.156,normal,stable,original
195,2026-07-09 03:00:00,49.079,4.635,346.285,2.166,19.969,0.13,normal,stable,original
196,2026-07-09 04:00:00,45.525,4.191,353.914,2.097,18.5,0.163,normal,stable,original
197,2026-07-09 05:00:00,48.43,4.554,334.987,2.183,18.661,0.151,normal,stable,original
198,2026-07-09 06:00:00,48.163,4.52,361.088,2.134,19.257,0.131,normal,stable,original
199,2026-07-09 07:00:00,44.8,4.1,347.781,2.305,19.09,0.165,normal,stable,original
200,2026-07-09 08:00:00,49.002,4.625,343.727,2.119,19.175,0.204,normal,stable,original
201,2026-07-09 09:00:00,49.57,4.696,362.588,2.036,19.245,0.144,normal,stable,original
202,2026-07-09 10:00:00,51.033,4.879,341.548,2.118,19.317,0.172,normal,stable,original
203,2026-07-09 11:00:00,50.951,4.869,333.098,2.181,19.555,0.111,normal,stable,original
204,2026-07-09 12:00:00,44.143,4.018,331.32,2.107,19.205,0.121,normal,stable,original
205,2026-07-09 13:00:00,45.374,4.172,357.272,2.106,18.879,0.164,normal,stable,original
206,2026-07-09 14:00:00,49.442,4.68,334.635,1.995,19.336,0.195,normal,stable,original
207,2026-07-09 15:00:00,49.439,4.68,371.058,2.001,19.95,0.161,normal,stable,original
208,2026-07-09 16:00:00,49.442,4.68,325.017,1.89,18.934,0.141,normal,stable,original
209,2026-07-09 17:00:00,58.788,5.848,370.357,2.362,18.513,0.15,normal,stable,original
210,2026-07-09 18:00:00,49.598,4.7,352.532,1.913,19.554,0.112,normal,stable,original
211,2026-07-09 19:00:00,51.18,4.897,348.839,1.996,18.94,0.168,normal,stable,original
212,2026-07-09 20:00:00,50.671,4.834,343.461,1.992,17.914,0.176,normal,stable,original
213,2026-07-09 21:00:00,49.824,4.728,354.79,2.234,19.424,0.136,normal,stable,original
214,2026-07-09 22:00:00,47.117,4.39,349.548,2.056,18.732,0.136,normal,stable,original
215,2026-07-09 23:00:00,50.125,4.766,363.24,2.287,18.955,0.158,normal,stable,original
216,2026-07-10 00:00:00,45.836,4.23,351.371,1.999,19.166,0.137,normal,stable,original
217,2026-07-10 01:00:00,47.337,4.417,351.804,2.142,19.095,0.148,normal,stable,original
218,2026-07-10 02:00:00,46.641,4.33,345.637,1.975,19.355,0.213,normal,stable,original
219,2026-07-10 03:00:00,48.229,4.529,349.317,2.422,18.782,0.143,normal,stable,original
220,2026-07-10 04:00:00,54.481,4.31,353.694,1.922,19.257,0.339,hum,warning,original
221,2026-07-10 05:00:00,42.772,2.846,329.478,2.146,18.87,0.331,hum,warning,original
222,2026-07-10 06:00:00,49.922,3.74,333.822,2.195,19.369,0.372,hum,warning,original
223,2026-07-10 07:00:00,43.484,2.936,358.919,2.162,19.308,0.345,hum,warning,original
224,2026-07-10 08:00:00,46.679,3.335,352.05,2.072,18.532,0.331,hum,warning,original
225,2026-07-10 09:00:00,51.049,3.881,347.792,2.081,19.543,0.39,hum,warning,original
226,2026-07-10 10:00:00,48.18,3.522,350.221,2.107,18.732,0.393,hum,warning,original
227,2026-07-10 11:00:00,44.982,3.123,354.171,2.078,19.404,0.332,hum,warning,original
228,2026-07-10 12:00:00,45.997,3.25,343.523,2.245,19.184,0.294,hum,warning,original
229,2026-07-10 13:00:00,49.903,3.738,340.66,2.432,19.919,0.38,hum,warning,original
230,2026-07-10 14:00:00,45.955,3.244,352.35,2.016,18.888,0.329,hum,warning,original
231,2026-07-10 15:00:00,48.606,3.576,338.26,1.895,18.825,0.374,hum,warning,original
232,2026-07-10 16:00:00,48.128,3.516,354.899,2.087,18.99,0.291,hum,warning,original
233,2026-07-10 17:00:00,46.176,3.272,329.569,2.487,18.848,0.377,hum,warning,original
234,2026-07-10 18:00:00,54.003,4.25,362.35,1.979,19.4,0.314,hum,warning,original
235,2026-07-10 19:00:00,49.775,3.722,355.671,2.346,18.192,0.372,hum,warning,original
236,2026-07-10 20:00:00,42.33,2.791,353.072,2.352,18.473,0.35,hum,warning,original
237,2026-07-10 21:00:00,48.522,3.565,361.792,2.017,18.466,0.321,hum,warning,original
238,2026-07-10 22:00:00,46.147,3.268,369.986,2.185,19.475,0.338,hum,warning,original
239,2026-07-10 23:00:00,50.387,3.798,362.172,2.344,19.855,0.371,hum,warning,original
240,2026-07-11 00:00:00,45.781,3.223,327.91,2.043,18.948,0.353,hum,warning,original
241,2026-07-11 01:00:00,47.679,3.46,334.645,2.069,18.916,0.368,hum,warning,original
242,2026-07-11 02:00:00,49.414,3.677,342.502,2.013,19.035,0.409,hum,warning,original
243,2026-07-11 03:00:00,50.424,3.803,350.313,1.948,19.581,0.303,hum,warning,original
244,2026-07-11 04:00:00,44.639,3.08,356.212,2.003,18.536,0.399,hum,warning,original
245,2026-07-11 05:00:00,47.063,3.383,341.291,1.916,19.119,0.353,hum,warning,original
246,2026-07-11 06:00:00,46.67,3.334,352.241,2.105,19.488,0.323,hum,warning,original
247,2026-07-11 07:00:00,46.171,3.271,340.935,1.985,19.251,0.31,hum,warning,original
248,2026-07-11 08:00:00,52.943,4.118,342.662,2.135,19.095,0.344,hum,warning,original
249,2026-07-11 09:00:00,49.134,3.642,333.12,1.867,19.501,0.378,hum,warning,original
250,2026-07-11 10:00:00,44.47,4.059,338.921,2.15,17.648,0.146,normal,stable,original
251,2026-07-11 11:00:00,50.57,4.821,333.78,2.225,19.339,0.195,normal,stable,original
252,2026-07-11 12:00:00,53.942,5.243,338.29,1.801,18.673,0.106,normal,stable,original
253,2026-07-11 13:00:00,50.891,4.861,362.644,2.156,18.085,0.15,normal,stable,original
254,2026-07-11 14:00:00,43.746,3.968,338.607,2.284,19.256,0.112,normal,stable,original
255,2026-07-11 15:00:00,46.644,4.331,381.589,1.919,19.687,0.161,normal,stable,original
256,2026-07-11 16:00:00,51.547,4.943,355.92,2.351,18.931,0.177,normal,stable,original
257,2026-07-11 17:00:00,46.019,4.252,352.218,2.163,19.476,0.137,normal,stable,original
258,2026-07-11 18:00:00,49.243,4.655,339.7,1.994,19.806,0.072,normal,stable,original
259,2026-07-11 19:00:00,50.169,4.771,358.404,2.092,19.657,0.156,normal,stable,original
260,2026-07-11 20:00:00,45.405,4.176,343.092,2.184,19.82,0.163,normal,stable,original
261,2026-07-11 21:00:00,47.833,4.479,351.464,2.111,19.371,0.162,normal,stable,original
262,2026-07-11 22:00:00,38.924,3.366,380.721,2.181,19.038,0.187,normal,stable,original
263,2026-07-11 23:00:00,45.132,4.141,348.847,1.962,18.199,0.118,normal,stable,original
264,2026-07-12 00:00:00,47.293,4.412,363.791,2.125,18.877,0.17,normal,stable,original
265,2026-07-12 01:00:00,44.506,4.063,341.562,1.888,18.578,0.186,normal,stable,original
266,2026-07-12 02:00:00,52.571,5.071,349.58,2.083,20.085,0.097,normal,stable,original
267,2026-07-12 03:00:00,43.996,3.999,371.25,1.964,18.912,0.16,normal,stable,original
268,2026-07-12 04:00:00,46.768,4.346,342.476,1.99,19.062,0.135,normal,stable,original
269,2026-07-12 05:00:00,48.366,4.546,371.749,2.285,19.276,0.148,normal,stable,original
270,2026-07-12 06:00:00,52.036,5.004,358.493,2.264,19.022,0.16,normal,stable,original
271,2026-07-12 07:00:00,43.98,3.997,343.25,2.191,19.848,0.135,normal,stable,original
272,2026-07-12 08:00:00,51.257,4.907,357.589,1.936,18.689,0.13,normal,stable,original
273,2026-07-12 09:00:00,48.029,4.504,361.671,2.053,19.097,0.151,normal,stable,original
274,2026-07-12 10:00:00,45.252,4.156,357.462,2.282,18.629,0.117,normal,stable,original
275,2026-07-12 11:00:00,49.294,4.662,331.157,2.121,18.34,0.117,normal,stable,original
276,2026-07-12 12:00:00,48.557,4.57,341.274,2.448,18.694,0.17,normal,stable,original
277,2026-07-12 13:00:00,46.319,4.29,347.03,2.159,18.981,0.116,normal,stable,original
278,2026-07-12 14:00:00,48.195,4.524,349.107,2.129,18.785,0.17,normal,stable,original
279,2026-07-12 15:00:00,46.921,4.365,357.448,2.054,18.654,0.164,normal,stable,original
280,2026-07-12 16:00:00,48.318,,352.132,2.12,18.297,0.098,normal,stable,original
281,2026-07-12 17:00:00,49.854,4.732,333.976,2.077,18.958,0.13,normal,stable,original
282,2026-07-12 18:00:00,52.441,5.055,354.562,2.206,18.248,0.186,normal,stable,original
283,2026-07-12 19:00:00,44.534,4.067,357.327,2.244,19.38,0.121,normal,stable,original
284,2026-07-12 20:00:00,53.972,5.247,356.717,1.982,19.041,0.136,normal,stable,original
285,2026-07-12 21:00:00,42.534,3.817,362.969,1.9,18.271,0.164,normal,stable,original
286,2026-07-12 22:00:00,47.575,4.447,360.007,1.825,18.845,0.174,normal,stable,original
287,2026-07-12 23:00:00,49.647,4.706,355.51,2.176,18.624,0.142,normal,stable,original
288,2026-07-13 00:00:00,48.787,4.598,349.158,1.934,19.16,0.132,normal,stable,original
289,2026-07-13 01:00:00,46.256,4.282,330.068,1.777,19.67,0.193,normal,stable,original
290,2026-07-13 02:00:00,47.417,4.427,355.155,2.158,18.062,0.202,normal,stable,original
291,2026-07-13 03:00:00,46.62,4.327,352.492,2.474,19.058,0.179,normal,stable,original
292,2026-07-13 04:00:00,46.35,4.294,353.259,2.099,18.92,0.153,normal,stable,original
293,2026-07-13 05:00:00,50.379,4.797,334.679,2.226,19.336,0.126,normal,stable,original
294,2026-07-13 06:00:00,49.0,4.625,337.027,2.112,19.107,0.125,normal,stable,original
295,2026-07-13 07:00:00,46.06,4.257,362.638,2.085,18.624,0.166,normal,stable,original
296,2026-07-13 08:00:00,50.519,4.815,349.525,2.238,18.84,0.163,normal,stable,original
297,2026-07-13 09:00:00,48.86,4.608,358.178,2.056,18.602,0.192,normal,stable,original
298,2026-07-13 10:00:00,50.276,4.785,350.34,2.14,19.538,0.17,normal,stable,original
299,2026-07-13 11:00:00,49.763,4.72,350.357,2.148,19.011,0.105,normal,stable,original
300,2026-07-13 12:00:00,45.679,4.21,361.259,2.0,19.951,0.182,normal,stable,original
301,2026-07-13 13:00:00,46.431,4.304,343.807,2.249,18.97,0.12,normal,stable,original
302,2026-07-13 14:00:00,50.092,4.762,351.153,2.074,18.646,0.138,normal,stable,original
303,2026-07-13 15:00:00,49.709,4.714,344.453,1.987,18.243,0.158,normal,stable,original
304,2026-07-13 16:00:00,47.941,4.493,344.786,2.18,18.098,0.21,normal,stable,original
305,2026-07-13 17:00:00,48.329,4.541,346.29,1.965,18.208,0.243,normal,stable,original
306,2026-07-13 18:00:00,51.577,4.947,352.666,2.104,19.134,0.168,normal,stable,original
307,2026-07-13 19:00:00,46.344,4.293,344.255,2.099,19.254,0.145,normal,stable,original
308,2026-07-13 20:00:00,49.532,4.691,365.069,2.263,18.209,0.166,normal,stable,original
309,2026-07-13 21:00:00,47.434,4.429,339.265,2.171,19.448,0.177,normal,stable,original
310,2026-07-13 22:00:00,47.39,4.424,347.758,2.096,18.758,0.14,normal,stable,original
311,2026-07-13 23:00:00,51.077,4.885,344.723,2.223,19.073,0.204,normal,stable,original
312,2026-07-14 00:00:00,50.311,4.789,367.364,2.309,19.806,0.157,normal,stable,original
313,2026-07-14 01:00:00,50.278,4.785,352.359,2.184,19.448,0.165,normal,stable,original
314,2026-07-14 02:00:00,51.655,4.957,362.382,2.102,18.866,0.17,normal,stable,original
315,2026-07-14 03:00:00,48.059,4.507,332.173,1.903,18.554,0.163,normal,stable,original
316,2026-07-14 04:00:00,49.909,4.739,353.205,1.94,17.924,0.175,normal,stable,original
317,2026-07-14 05:00:00,47.131,4.391,360.676,2.054,18.64,0.131,normal,stable,original
318,2026-07-14 06:00:00,48.908,4.613,350.987,2.009,18.894,0.133,normal,stable,original
319,2026-07-14 07:00:00,47.636,4.454,362.786,2.072,18.506,0.117,normal,stable,original
320,2026-07-14 08:00:00,48.272,4.534,343.793,2.108,18.934,0.163,normal,stable,original
321,2026-07-14 09:00:00,49.666,4.708,366.912,2.179,19.038,0.173,normal,stable,original
322,2026-07-14 10:00:00,45.709,4.214,377.587,2.089,18.888,0.164,normal,stable,original
323,2026-07-14 11:00:00,53.859,5.232,345.646,2.173,18.675,0.2,normal,stable,original
324,2026-07-14 12:00:00,45.183,4.148,344.654,2.11,19.084,0.15,normal,stable,original
325,2026-07-14 13:00:00,44.6,4.075,367.441,1.804,19.221,0.17,normal,stable,original
326,2026-07-14 14:00:00,51.243,4.905,368.955,1.959,18.455,0.117,normal,stable,original
327,2026-07-14 15:00:00,50.217,4.777,343.726,2.078,19.705,0.138,normal,stable,original
328,2026-07-14 16:00:00,49.748,4.718,344.958,1.919,18.951,0.171,normal,stable,original
329,2026-07-14 17:00:00,49.759,4.72,346.619,2.19,19.009,0.175,normal,stable,original
330,2026-07-14 18:00:00,47.966,4.496,333.867,2.33,19.354,0.141,normal,stable,original
331,2026-07-14 19:00:00,45.488,4.186,338.976,2.283,19.117,0.148,normal,stable,original
332,2026-07-14 20:00:00,48.212,4.527,337.95,2.068,19.477,0.104,normal,stable,original
333,2026-07-14 21:00:00,46.104,4.263,340.786,2.324,19.144,0.139,normal,stable,original
334,2026-07-14 22:00:00,50.73,4.841,349.584,2.122,18.694,0.177,normal,stable,original
335,2026-07-14 23:00:00,47.588,4.449,352.811,2.049,19.181,0.167,normal,stable,original
336,2026-07-15 00:00:00,45.689,4.211,354.485,2.164,18.428,0.17,hum,warning,original
337,2026-07-15 01:00:00,47.1,4.388,334.728,2.036,19.054,0.179,hum,warning,original
338,2026-07-15 02:00:00,49.156,4.645,333.827,2.025,18.983,0.186,hum,warning,original
339,2026-07-15 03:00:00,46.422,4.303,321.66,1.96,18.896,0.281,hum,warning,original
340,2026-07-15 04:00:00,45.698,4.212,315.189,1.923,18.936,0.269,hum,warning,original
341,2026-07-15 05:00:00,48.682,4.585,309.136,1.85,18.059,0.27,hum,warning,original
342,2026-07-15 06:00:00,48.686,4.586,299.517,1.81,18.726,0.312,hum,warning,original
343,2026-07-15 07:00:00,46.581,4.323,280.519,1.736,19.046,0.368,hum,warning,original
344,2026-07-15 08:00:00,46.681,4.335,274.32,1.682,19.08,0.434,hum,warning,original
345,2026-07-15 09:00:00,48.65,4.581,269.108,1.622,18.486,0.441,hum,warning,original
346,2026-07-15 10:00:00,43.945,3.993,249.004,1.578,19.633,0.496,hum,warning,original
347,2026-07-15 11:00:00,44.059,4.007,243.493,1.462,18.567,0.451,hum,warning,original
348,2026-07-15 12:00:00,45.988,4.249,229.552,1.411,19.485,0.489,rattle,critical,original
349,2026-07-15 13:00:00,47.402,4.425,218.389,1.397,19.214,0.556,rattle,critical,original
350,2026-07-15 14:00:00,48.871,4.609,211.295,1.418,18.677,0.574,rattle,critical,original
351,2026-07-15 15:00:00,52.131,5.016,211.403,1.255,19.888,0.613,rattle,critical,original
352,2026-07-15 16:00:00,50.401,4.8,191.207,1.278,18.403,0.622,rattle,critical,original
353,2026-07-15 17:00:00,47.552,4.444,189.85,1.12,19.46,0.619,rattle,critical,original
354,2026-07-15 18:00:00,47.947,4.493,180.486,1.078,19.5,0.689,rattle,critical,original
355,2026-07-15 19:00:00,45.193,4.149,161.081,1.113,18.665,0.667,rattle,critical,original
356,2026-07-15 20:00:00,47.948,4.494,161.095,1.048,19.696,0.712,rattle,critical,original
357,2026-07-15 21:00:00,47.192,4.399,151.66,0.976,18.875,0.746,rattle,critical,original
358,2026-07-15 22:00:00,48.904,4.613,134.124,0.81,19.144,0.802,rattle,critical,original
359,2026-07-15 23:00:00,45.684,4.21,121.759,0.859,19.13,0.813,rattle,critical,original
360,2026-07-16 00:00:00,33.454,2.682,75.433,0.141,14.933,0.984,rattle,failed,original
361,2026-07-16 01:00:00,36.292,3.036,75.855,0.16,15.405,1.016,rattle,failed,original
362,2026-07-16 02:00:00,31.695,2.462,73.754,0.104,15.397,1.038,rattle,failed,original
363,2026-07-16 03:00:00,33.125,2.641,74.9,0.119,14.126,0.988,rattle,failed,original
364,2026-07-16 04:00:00,33.932,2.742,69.686,0.146,15.652,1.017,rattle,failed,original
365,2026-07-16 05:00:00,30.877,2.36,81.451,0.182,14.169,0.934,rattle,failed,original
366,2026-07-16 06:00:00,32.627,2.578,74.977,0.19,15.516,1.019,rattle,failed,original
367,2026-07-16 07:00:00,32.035,2.504,78.728,0.21,15.563,1.051,rattle,failed,original
368,2026-07-16 08:00:00,32.273,2.534,71.994,0.181,14.455,1.007,rattle,failed,original
369,2026-07-16 09:00:00,29.836,2.229,70.191,0.139,14.795,1.078,rattle,failed,original
370,2026-07-16 10:00:00,32.069,2.509,63.453,0.196,14.447,1.025,rattle,failed,original
371,2026-07-16 11:00:00,33.394,2.674,58.806,0.161,14.893,0.895,rattle,failed,original
372,2026-07-16 12:00:00,52.063,5.008,333.448,1.894,18.846,0.155,normal,stable,original
373,2026-07-16 13:00:00,50.686,4.836,341.229,1.858,19.39,0.165,normal,stable,original
374,2026-07-16 14:00:00,54.029,5.254,349.602,2.321,19.655,0.184,normal,stable,original
375,2026-07-16 15:00:00,45.851,4.231,371.535,2.069,19.698,0.193,normal,stable,original
376,2026-07-16 16:00:00,50.442,4.805,343.789,2.0,18.719,0.139,normal,stable,original
377,2026-07-16 17:00:00,48.513,4.564,352.685,2.256,18.895,0.11,normal,stable,original
378,2026-07-16 18:00:00,54.131,5.266,349.803,2.009,18.158,0.138,normal,stable,original
379,2026-07-16 19:00:00,45.737,4.217,364.261,2.374,18.597,0.158,normal,stable,original
380,2026-07-16 20:00:00,45.649,4.206,380.323,2.202,19.482,0.121,normal,stable,original
381,2026-07-16 21:00:00,46.322,4.29,343.63,2.027,19.808,0.121,normal,stable,original
382,2026-07-16 22:00:00,42.053,3.757,344.127,2.424,18.383,0.16,normal,stable,original
383,2026-07-16 23:00:00,46.528,4.316,362.53,2.009,18.704,0.149,normal,stable,original
384,2026-07-17 00:00:00,45.874,4.234,358.183,2.211,18.987,0.151,normal,stable,original
385,2026-07-17 01:00:00,48.421,4.553,372.16,2.145,19.14,0.127,normal,stable,original
386,2026-07-17 02:00:00,48.957,4.62,357.007,2.295,18.595,0.143,normal,stable,original
387,2026-07-17 03:00:00,53.253,5.157,345.688,2.334,19.212,0.122,normal,stable,original
388,2026-07-17 04:00:00,50.661,4.833,357.088,2.105,18.763,0.177,normal,stable,original
389,2026-07-17 05:00:00,46.385,4.298,363.304,1.987,18.993,0.181,normal,stable,original
390,2026-07-17 06:00:00,45.484,4.186,359.846,2.169,19.273,0.095,normal,stable,original
391,2026-07-17 07:00:00,49.377,4.672,356.087,1.998,19.003,0.122,normal,stable,original
392,2026-07-17 08:00:00,44.303,4.038,362.8,2.402,18.782,0.105,normal,stable,original
393,2026-07-17 09:00:00,53.128,5.141,364.032,2.12,18.945,0.13,normal,stable,original
394,2026-07-17 10:00:00,51.302,4.913,366.586,2.045,18.956,0.147,normal,stable,original
395,2026-07-17 11:00:00,46.686,4.336,357.785,2.128,18.815,0.107,normal,stable,original
396,2026-07-17 12:00:00,43.203,3.9,347.995,1.898,18.871,0.122,normal,stable,original
397,2026-07-17 13:00:00,51.791,4.974,351.761,1.954,19.799,0.12,normal,stable,original
398,2026-07-17 14:00:00,47.679,4.46,364.478,2.28,19.28,0.156,normal,stable,original
399,2026-07-17 15:00:00,51.466,4.933,340.197,2.001,18.852,0.152,normal,stable,original
400,2026-07-17 16:00:00,43.536,3.942,354.424,1.943,19.348,0.128,normal,stable,original
401,2026-07-17 17:00:00,46.322,4.29,345.28,2.18,18.833,0.155,normal,stable,original
402,2026-07-17 18:00:00,48.015,4.502,350.345,2.278,19.587,0.134,normal,stable,original
403,2026-07-17 19:00:00,48.132,4.516,365.341,2.208,19.185,0.142,normal,stable,original
404,2026-07-17 20:00:00,46.74,4.342,352.293,2.249,18.946,0.2,normal,stable,original
405,2026-07-17 21:00:00,49.744,4.718,350.557,1.986,19.224,0.19,normal,stable,original
406,2026-07-17 22:00:00,45.011,4.126,333.682,1.887,18.215,0.111,normal,stable,original
407,2026-07-17 23:00:00,47.601,4.45,358.955,2.325,18.437,0.175,normal,stable,original
408,2026-07-18 00:00:00,48.337,4.542,357.746,2.052,18.403,0.174,normal,stable,original
409,2026-07-18 01:00:00,49.44,4.68,375.959,2.062,19.071,0.116,normal,stable,original
410,2026-07-18 02:00:00,49.993,4.749,346.307,2.299,19.866,0.175,normal,stable,original
411,2026-07-18 03:00:00,44.851,4.106,352.63,2.183,20.116,0.196,normal,stable,original
412,2026-07-18 04:00:00,43.704,3.963,352.993,2.168,19.319,0.116,normal,stable,original
413,2026-07-18 05:00:00,51.577,4.947,368.929,2.425,19.25,0.122,normal,stable,original
414,2026-07-18 06:00:00,48.93,4.616,348.856,2.003,18.099,0.181,normal,stable,original
415,2026-07-18 07:00:00,45.904,4.238,,2.239,18.729,0.158,normal,stable,original
416,2026-07-18 08:00:00,52.343,5.043,357.295,2.109,18.606,0.167,normal,stable,original
417,2026-07-18 09:00:00,48.324,4.54,352.239,2.14,18.69,0.16,normal,stable,original
418,2026-07-18 10:00:00,51.302,4.913,344.643,2.329,18.916,0.162,normal,stable,original
419,2026-07-18 11:00:00,48.189,4.524,352.329,2.176,18.764,0.11,normal,stable,original
420,2026-07-18 12:00:00,53.77,5.221,362.884,2.181,18.01,0.181,normal,stable,original
421,2026-07-18 13:00:00,52.915,5.114,337.682,2.261,19.374,0.185,normal,stable,original
422,2026-07-18 14:00:00,47.303,4.413,351.596,2.045,18.464,0.143,normal,stable,original
423,2026-07-18 15:00:00,50.72,4.84,341.599,1.974,19.12,0.149,normal,stable,original
424,2026-07-18 16:00:00,49.807,4.726,364.341,1.943,20.037,0.104,normal,stable,original
425,2026-07-18 17:00:00,51.832,4.979,331.722,1.805,18.54,0.165,normal,stable,original
426,2026-07-18 18:00:00,45.298,4.162,343.293,2.408,17.735,0.167,normal,stable,original
427,2026-07-18 19:00:00,49.921,4.74,354.527,1.935,18.857,0.148,normal,stable,original
428,2026-07-18 20:00:00,50.964,4.87,368.786,2.067,19.55,0.184,normal,stable,original
429,2026-07-18 21:00:00,43.076,3.884,349.211,2.058,19.979,0.14,normal,stable,original
430,2026-07-18 22:00:00,44.687,3.086,343.338,2.146,18.385,0.367,hum,warning,original
431,2026-07-18 23:00:00,42.29,2.786,372.574,2.222,19.248,0.319,hum,warning,original
432,2026-07-19 00:00:00,47.246,3.406,332.624,2.229,18.767,0.349,hum,warning,original
433,2026-07-19 01:00:00,50.009,3.751,323.614,2.013,18.947,0.345,hum,warning,original
434,2026-07-19 02:00:00,52.207,4.026,355.28,2.075,20.322,0.357,hum,warning,original
435,2026-07-19 03:00:00,48.207,3.526,343.975,2.142,18.249,0.339,hum,warning,original
436,2026-07-19 04:00:00,52.56,4.07,337.745,2.063,19.127,0.346,hum,warning,original
437,2026-07-19 05:00:00,44.136,3.017,358.5,2.341,19.234,0.375,hum,warning,original
438,2026-07-19 06:00:00,43.231,2.904,352.926,2.174,19.543,0.337,hum,warning,original
439,2026-07-19 07:00:00,47.844,3.481,343.231,2.21,19.049,0.302,hum,warning,original
440,2026-07-19 08:00:00,49.075,3.634,334.636,2.199,19.154,0.402,hum,warning,original
441,2026-07-19 09:00:00,47.908,3.489,360.469,2.276,18.804,0.391,hum,warning,original
442,2026-07-19 10:00:00,42.211,2.776,357.802,2.127,19.135,0.311,hum,warning,original
443,2026-07-19 11:00:00,47.75,3.469,348.81,1.905,18.828,0.371,hum,warning,original
444,2026-07-19 12:00:00,44.347,3.043,372.16,2.16,19.311,0.335,hum,warning,original
445,2026-07-19 13:00:00,49.875,3.734,337.159,2.002,18.815,0.358,hum,warning,original
446,2026-07-19 14:00:00,49.026,3.628,331.694,2.021,19.189,0.359,hum,warning,original
447,2026-07-19 15:00:00,45.368,3.171,341.697,2.188,18.985,0.343,hum,warning,original
448,2026-07-19 16:00:00,46.561,3.32,349.453,2.286,19.563,0.326,hum,warning,original
449,2026-07-19 17:00:00,45.034,3.129,352.92,2.103,18.974,0.329,hum,warning,original
450,2026-07-19 18:00:00,47.824,3.628,357.105,2.196,18.113,0.323,hum,warning,barry_j_
451,2026-07-19 19:00:00,50.674,3.984,364.225,2.405,19.631,0.325,hum,warning,barry_j_
452,2026-07-19 20:00:00,45.24,3.305,344.982,2.186,18.547,0.348,hum,warning,barry_j_
453,2026-07-19 21:00:00,49.411,3.826,377.325,2.54,18.673,0.329,hum,warning,barry_j_
454,2026-07-19 22:00:00,46.515,3.464,359.014,2.235,18.702,0.37,hum,warning,barry_j_
455,2026-07-19 23:00:00,45.78,3.372,373.408,1.886,19.687,0.395,hum,warning,barry_j_
456,2026-07-20 00:00:00,47.7,3.613,364.113,2.263,17.932,0.333,hum,warning,barry_j_
457,2026-07-20 01:00:00,45.101,3.288,365.481,2.207,20.569,0.357,hum,warning,barry_j_
458,2026-07-20 02:00:00,46.45,3.456,366.837,2.343,19.528,0.365,hum,warning,barry_j_
459,2026-07-20 03:00:00,44.646,3.231,365.373,2.251,19.112,0.364,hum,warning,barry_j_
460,2026-07-20 04:00:00,53.501,5.338,367.713,2.129,18.973,0.152,normal,stable,barry_j_
461,2026-07-20 05:00:00,48.099,4.662,375.95,1.966,19.143,0.172,normal,stable,barry_j_
462,2026-07-20 06:00:00,46.041,4.405,362.358,2.119,19.261,0.164,normal,stable,barry_j_
463,2026-07-20 07:00:00,48.599,4.725,368.508,2.022,19.323,0.113,normal,stable,barry_j_
464,2026-07-20 08:00:00,47.685,4.611,358.923,2.063,19.278,0.176,normal,stable,barry_j_
465,2026-07-20 09:00:00,47.381,4.573,377.281,2.238,19.045,0.177,normal,stable,barry_j_
466,2026-07-20 10:00:00,49.72,4.865,351.883,2.4,18.901,0.127,normal,stable,barry_j_
467,2026-07-20 11:00:00,50.121,4.915,381.611,2.209,18.924,0.151,normal,stable,barry_j_
468,2026-07-20 12:00:00,46.515,4.464,359.518,1.971,18.903,0.17,normal,stable,barry_j_
469,2026-07-20 13:00:00,46.388,4.448,342.831,2.217,19.567,0.144,normal,stable,barry_j_
470,2026-07-20 14:00:00,47.23,4.554,361.537,2.329,19.297,0.182,normal,stable,barry_j_
471,2026-07-20 15:00:00,41.555,3.844,351.827,2.059,17.53,0.221,normal,stable,barry_j_
472,2026-07-20 16:00:00,43.757,4.12,370.088,2.13,19.328,0.126,normal,stable,barry_j_
473,2026-07-20 17:00:00,51.827,5.128,352.169,2.152,19.097,0.109,normal,stable,barry_j_
474,2026-07-20 18:00:00,52.606,5.226,354.646,2.032,18.991,0.159,normal,stable,barry_j_
475,2026-07-20 19:00:00,47.303,4.563,337.326,2.247,18.806,0.172,normal,stable,barry_j_
476,2026-07-20 20:00:00,49.614,4.852,354.572,2.132,19.562,0.143,normal,stable,barry_j_
477,2026-07-20 21:00:00,48.872,4.759,330.913,2.213,19.474,0.194,normal,stable,barry_j_
478,2026-07-20 22:00:00,56.621,5.728,340.993,2.017,18.614,0.11,normal,stable,barry_j_
479,2026-07-20 23:00:00,51.135,5.042,369.125,2.084,19.204,0.171,normal,stable,barry_j_
480,2026-07-21 00:00:00,47.642,4.605,369.43,2.258,18.514,0.132,normal,stable,barry_j_
481,2026-07-21 01:00:00,45.324,4.316,365.105,2.094,18.31,0.202,normal,stable,barry_j_
482,2026-07-21 02:00:00,43.502,4.088,348.396,2.409,18.687,0.21,normal,stable,barry_j_
483,2026-07-21 03:00:00,48.57,4.721,359.427,2.09,19.431,0.127,normal,stable,barry_j_
484,2026-07-21 04:00:00,45.882,4.385,359.957,2.184,19.477,0.134,normal,stable,barry_j_
485,2026-07-21 05:00:00,44.018,4.152,346.1,2.29,19.257,0.176,normal,stable,barry_j_
486,2026-07-21 06:00:00,46.19,4.424,378.041,1.937,19.363,0.138,normal,stable,barry_j_
487,2026-07-21 07:00:00,44.972,4.271,370.528,1.886,19.258,0.149,normal,stable,barry_j_
488,2026-07-21 08:00:00,52.724,5.24,357.348,1.921,18.679,0.151,normal,stable,barry_j_
489,2026-07-21 09:00:00,50.469,4.959,360.323,2.339,19.216,0.092,normal,stable,barry_j_
490,2026-07-21 10:00:00,47.978,4.647,362.501,2.067,19.4,0.15,normal,stable,barry_j_
491,2026-07-21 11:00:00,52.144,5.168,335.499,2.534,19.377,0.129,normal,stable,barry_j_
492,2026-07-21 12:00:00,48.217,4.677,357.034,2.065,19.594,0.135,normal,stable,barry_j_
493,2026-07-21 13:00:00,45.588,4.349,351.816,2.178,19.354,0.193,normal,stable,barry_j_
494,2026-07-21 14:00:00,52.265,5.183,347.981,2.381,19.176,0.112,normal,stable,barry_j_
495,2026-07-21 15:00:00,49.509,4.839,356.627,2.451,19.535,0.174,normal,stable,barry_j_
496,2026-07-21 16:00:00,45.096,4.287,381.572,2.459,18.987,0.142,normal,stable,barry_j_
497,2026-07-21 17:00:00,47.467,4.583,367.69,2.331,18.559,0.142,normal,stable,barry_j_
498,2026-07-21 18:00:00,45.548,4.344,353.146,2.304,18.918,0.174,normal,stable,barry_j_
499,2026-07-21 19:00:00,44.128,4.166,366.871,2.239,18.628,0.16,normal,stable,barry_j_
